                  epoch,         train/box_loss,         train/cls_loss,         train/dfl_loss,   metrics/precision(B),      metrics/recall(B),       metrics/mAP50(B),    metrics/mAP50-95(B),           val/box_loss,           val/cls_loss,           val/dfl_loss,                 lr/pg0,                 lr/pg1,                 lr/pg2
                      1,                 1.4729,                 2.0789,                 2.0894,                 0.6015,                0.87647,                0.70083,                0.50904,                 1.0619,                 1.1709,                 1.3612,             0.00055531,             0.00055531,             0.00055531
                      2,                0.85252,                0.58601,                 1.2633,                0.73021,                0.79683,                0.76954,                0.58915,                0.91059,                0.94939,                 1.2079,               0.001001,               0.001001,               0.001001
                      3,                0.74904,                0.46212,                 1.1543,                0.68919,                0.78857,                0.71364,                0.56243,                0.83689,                 1.2749,                 1.1434,              0.0013367,              0.0013367,              0.0013367
                      4,                0.67564,                0.39723,                 1.0908,                0.68705,                0.74775,                0.67018,                0.52613,                0.83739,                 1.3897,                 1.1424,              0.0011719,              0.0011719,              0.0011719
                      5,                0.63792,                0.36635,                 1.0571,                0.66146,                0.72357,                0.65155,                0.52482,                0.79706,                 1.5413,                  1.117,              0.0011719,              0.0011719,              0.0011719
